-- phpMyAdmin SQL Dump
-- version 4.6.6deb5
-- https://www.phpmyadmin.net/
--
-- Host: localhost:3306
-- Gegenereerd op: 16 jun 2020 om 17:04
-- Serverversie: 10.3.22-MariaDB-0+deb10u1
-- PHP-versie: 7.3.14-1~deb10u1

SET SQL_MODE = "NO_AUTO_VALUE_ON_ZERO";
SET time_zone = "+00:00";


/*!40101 SET @OLD_CHARACTER_SET_CLIENT=@@CHARACTER_SET_CLIENT */;
/*!40101 SET @OLD_CHARACTER_SET_RESULTS=@@CHARACTER_SET_RESULTS */;
/*!40101 SET @OLD_COLLATION_CONNECTION=@@COLLATION_CONNECTION */;
/*!40101 SET NAMES utf8mb4 */;

--
-- Database: `project1`
--
CREATE DATABASE IF NOT EXISTS `project1` DEFAULT CHARACTER SET utf8 COLLATE utf8_general_ci;
USE `project1`;

-- --------------------------------------------------------

--
-- Tabelstructuur voor tabel `Games`
--

DROP TABLE IF EXISTS `Games`;
CREATE TABLE IF NOT EXISTS `Games` (
  `ID` int(11) NOT NULL AUTO_INCREMENT,
  `Name` varchar(45) NOT NULL,
  `Description` varchar(245) DEFAULT NULL,
  `CardDecks` int(11) NOT NULL DEFAULT 1,
  `RuleSetID` int(11) NOT NULL,
  PRIMARY KEY (`ID`),
  UNIQUE KEY `Name_UNIQUE` (`Name`),
  KEY `fk_Games_Ruleset1_idx` (`RuleSetID`),
  KEY `Index_Name` (`Name`)
) ENGINE=InnoDB AUTO_INCREMENT=82 DEFAULT CHARSET=utf8;

--
-- Gegevens worden geëxporteerd voor tabel `Games`
--

INSERT INTO `Games` (`ID`, `Name`, `Description`, `CardDecks`, `RuleSetID`) VALUES
(1, 'UNO', 'UNO is a fun and fast card game. Kids can start play UNO when they are 7 years old.', 1, 101),
(77, 'Presidents', 'Presidents is played with 3 players or more. The purpose is to lose all your cards as fast as possible.', 1, 104),
(79, 'Poker', 'Poker is a very popular casino game where players wager over wich hand is best according to the game rules. ', 1, 106),
(80, 'Manillen', 'Manillen is a card game for 2, 3, 4 or 6 players. Related to the game klaverjassen.', 1, 105);

-- --------------------------------------------------------

--
-- Tabelstructuur voor tabel `History`
--

DROP TABLE IF EXISTS `History`;
CREATE TABLE IF NOT EXISTS `History` (
  `ID` int(11) NOT NULL AUTO_INCREMENT,
  `SensorID` int(11) NOT NULL,
  `Value` float NOT NULL,
  `Date` datetime NOT NULL DEFAULT current_timestamp(),
  PRIMARY KEY (`ID`),
  KEY `fk_History_Sensors_idx` (`SensorID`)
) ENGINE=InnoDB AUTO_INCREMENT=467 DEFAULT CHARSET=utf8;

--
-- Gegevens worden geëxporteerd voor tabel `History`
--

INSERT INTO `History` (`ID`, `SensorID`, `Value`, `Date`) VALUES
(60, 101, 126, '2020-05-27 15:54:06'),
(61, 101, 23, '2020-05-27 15:54:20'),
(62, 101, 964, '2020-05-27 15:54:28'),
(63, 101, 129, '2020-05-27 17:07:58'),
(64, 101, 0, '2020-05-28 13:39:03'),
(65, 101, 177, '2020-05-28 13:39:28'),
(66, 101, 145, '2020-05-28 14:38:20'),
(67, 101, 140, '2020-05-29 10:55:45'),
(68, 101, 140, '2020-05-29 10:56:21'),
(69, 101, 140, '2020-05-29 11:00:51'),
(70, 101, 139, '2020-05-29 11:09:28'),
(71, 101, 138, '2020-05-29 12:31:08'),
(72, 101, 138, '2020-05-29 12:31:42'),
(73, 101, 138, '2020-05-29 12:33:31'),
(74, 101, 69, '2020-06-02 16:36:58'),
(75, 101, 71, '2020-06-02 16:37:25'),
(76, 101, 307, '2020-06-03 17:02:41'),
(80, 103, 0.269291, '2020-06-03 17:02:41'),
(81, 107, 0.283547, '2020-06-03 17:02:42'),
(82, 108, 0.280292, '2020-06-03 17:02:42'),
(83, 101, 328, '2020-06-03 17:30:08'),
(87, 103, 0.269358, '2020-06-03 17:30:09'),
(88, 107, 0.283862, '2020-06-03 17:30:09'),
(89, 108, 0.281212, '2020-06-03 17:30:09'),
(90, 109, 5.38096, '2020-06-03 17:30:09'),
(91, 101, 353, '2020-06-03 17:42:21'),
(95, 103, 0.269538, '2020-06-03 17:42:22'),
(96, 107, 0.284198, '2020-06-03 17:42:22'),
(97, 108, 0.281033, '2020-06-03 17:42:22'),
(98, 109, 5.43821, '2020-06-03 17:42:22'),
(99, 101, 136, '2020-06-04 08:58:15'),
(103, 103, 0.269964, '2020-06-04 08:58:16'),
(104, 107, 0.283884, '2020-06-04 08:58:16'),
(105, 108, 0.280157, '2020-06-04 08:58:16'),
(106, 109, 7.10647, '2020-06-04 08:58:16'),
(107, 101, 76, '2020-06-11 11:14:48'),
(108, 103, 0.269807, '2020-06-11 11:14:48'),
(109, 107, 0.28366, '2020-06-11 11:14:48'),
(110, 108, 0.281235, '2020-06-11 11:14:48'),
(111, 109, 176.12, '2020-06-11 11:14:48'),
(112, 101, 76, '2020-06-11 11:15:46'),
(113, 103, 0.26938, '2020-06-11 11:15:47'),
(114, 107, 0.284064, '2020-06-11 11:15:47'),
(115, 108, 0.280786, '2020-06-11 11:15:47'),
(116, 109, 175.621, '2020-06-11 11:15:47'),
(117, 101, 74, '2020-06-11 11:20:12'),
(118, 103, 0.269881, '2020-06-11 11:20:12'),
(119, 107, 0.155776, '2020-06-11 11:20:13'),
(120, 108, 0.280977, '2020-06-11 11:20:13'),
(121, 109, 175.548, '2020-06-11 11:20:13'),
(122, 101, 121, '2020-06-11 13:37:11'),
(123, 103, 0.269941, '2020-06-11 13:37:11'),
(124, 107, 0.210761, '2020-06-11 13:37:11'),
(125, 108, 0.280907, '2020-06-11 13:37:11'),
(126, 109, 10.3776, '2020-06-11 13:37:11'),
(127, 101, 92, '2020-06-11 15:19:30'),
(128, 103, 0.278855, '2020-06-11 15:19:30'),
(129, 107, 0.278855, '2020-06-11 15:19:31'),
(130, 108, 0.278855, '2020-06-11 15:19:31'),
(131, 109, 1016.77, '2020-06-11 15:19:31'),
(132, 101, 89, '2020-06-11 15:25:39'),
(133, 103, 0.278855, '2020-06-11 15:25:39'),
(134, 107, 0.278855, '2020-06-11 15:25:39'),
(135, 108, 0.278855, '2020-06-11 15:25:40'),
(136, 109, 1016.53, '2020-06-11 15:25:40'),
(137, 101, 99, '2020-06-11 15:30:13'),
(138, 103, 0.278855, '2020-06-11 15:30:13'),
(139, 107, 0.278855, '2020-06-11 15:30:13'),
(140, 108, 0.278855, '2020-06-11 15:30:13'),
(141, 109, 1016.41, '2020-06-11 15:30:13'),
(142, 101, 101, '2020-06-11 15:31:18'),
(143, 103, 0.278855, '2020-06-11 15:31:18'),
(144, 107, 0.278855, '2020-06-11 15:31:18'),
(145, 108, 0.278855, '2020-06-11 15:31:18'),
(146, 109, 1016.55, '2020-06-11 15:31:18'),
(147, 101, 121, '2020-06-11 16:14:32'),
(148, 103, 0.278855, '2020-06-11 16:14:33'),
(149, 107, 0.278855, '2020-06-11 16:14:33'),
(150, 108, 0.278855, '2020-06-11 16:14:33'),
(151, 109, 1015.9, '2020-06-11 16:14:33'),
(152, 101, 123, '2020-06-11 16:16:42'),
(153, 103, 0.278855, '2020-06-11 16:16:42'),
(154, 107, 0.278855, '2020-06-11 16:16:42'),
(155, 108, 0.278855, '2020-06-11 16:16:42'),
(156, 109, 1016.09, '2020-06-11 16:16:42'),
(157, 101, 119, '2020-06-11 16:18:33'),
(158, 103, 0.278855, '2020-06-11 16:18:33'),
(159, 107, 0.278855, '2020-06-11 16:18:33'),
(160, 108, 0.278855, '2020-06-11 16:18:33'),
(161, 109, 1015.96, '2020-06-11 16:18:33'),
(162, 101, 979, '2020-06-12 15:45:36'),
(163, 103, 0.269891, '2020-06-12 15:45:36'),
(164, 107, 0.224662, '2020-06-12 15:45:36'),
(165, 108, 0.281337, '2020-06-12 15:45:36'),
(166, 109, 186.735, '2020-06-12 15:45:37'),
(167, 101, 948, '2020-06-12 16:57:37'),
(168, 103, 0.269839, '2020-06-12 16:57:38'),
(169, 107, -0.183521, '2020-06-12 16:57:38'),
(170, 108, 0.281142, '2020-06-12 16:57:38'),
(171, 109, 185.701, '2020-06-12 16:57:38'),
(172, 101, 943, '2020-06-12 16:59:00'),
(173, 103, 0.269836, '2020-06-12 16:59:00'),
(174, 107, 0.0142447, '2020-06-12 16:59:00'),
(175, 108, 0.281153, '2020-06-12 16:59:00'),
(176, 109, 186.138, '2020-06-12 16:59:00'),
(177, 101, 588, '2020-06-14 21:19:53'),
(178, 103, 0.269995, '2020-06-14 21:19:53'),
(179, 107, 0.257627, '2020-06-14 21:19:53'),
(180, 108, 0.280959, '2020-06-14 21:19:53'),
(181, 109, 166.331, '2020-06-14 21:19:53'),
(182, 101, 177, '2020-06-15 08:38:42'),
(183, 103, 0.270032, '2020-06-15 08:38:42'),
(184, 107, -0.101312, '2020-06-15 08:38:43'),
(185, 108, 0.280888, '2020-06-15 08:38:43'),
(186, 109, 1016.23, '2020-06-15 08:38:43'),
(187, 101, 1023, '2020-06-15 15:23:42'),
(188, 103, 0.269755, '2020-06-15 15:23:43'),
(189, 107, -0.0816258, '2020-06-15 15:23:43'),
(190, 108, 0.281069, '2020-06-15 15:23:43'),
(191, 109, 149.612, '2020-06-15 15:23:43'),
(192, 101, 967, '2020-06-15 15:24:52'),
(193, 103, 0.269698, '2020-06-15 15:24:52'),
(194, 107, 0.242034, '2020-06-15 15:24:52'),
(195, 108, 0.281084, '2020-06-15 15:24:52'),
(196, 109, 163.06, '2020-06-15 15:24:52'),
(197, 101, 1023, '2020-06-15 15:26:33'),
(198, 103, 0.269714, '2020-06-15 15:26:33'),
(199, 107, 0.0380446, '2020-06-15 15:26:34'),
(200, 108, 0.281089, '2020-06-15 15:26:34'),
(201, 109, 162.423, '2020-06-15 15:26:34'),
(202, 101, 1023, '2020-06-15 15:27:32'),
(203, 103, 0.269712, '2020-06-15 15:27:32'),
(204, 107, 0.085103, '2020-06-15 15:27:32'),
(205, 108, 0.281083, '2020-06-15 15:27:32'),
(206, 109, 162.353, '2020-06-15 15:27:32'),
(207, 101, 1023, '2020-06-15 15:28:02'),
(208, 103, 0.269704, '2020-06-15 15:28:02'),
(209, 107, 0.04168, '2020-06-15 15:28:02'),
(210, 108, 0.281074, '2020-06-15 15:28:02'),
(211, 109, 162.386, '2020-06-15 15:28:02'),
(212, 101, 1023, '2020-06-15 15:28:51'),
(213, 103, 0.269683, '2020-06-15 15:28:51'),
(214, 107, 0.0480242, '2020-06-15 15:28:51'),
(215, 108, 0.281101, '2020-06-15 15:28:51'),
(216, 109, 162.378, '2020-06-15 15:28:51'),
(217, 101, 1023, '2020-06-15 15:29:37'),
(218, 103, 0.269693, '2020-06-15 15:29:37'),
(219, 107, 0.0239693, '2020-06-15 15:29:37'),
(220, 108, 0.281085, '2020-06-15 15:29:37'),
(221, 109, 162.41, '2020-06-15 15:29:37'),
(222, 101, 1023, '2020-06-15 15:30:07'),
(223, 103, 0.269705, '2020-06-15 15:30:07'),
(224, 107, -0.0255759, '2020-06-15 15:30:07'),
(225, 108, 0.281077, '2020-06-15 15:30:08'),
(226, 109, 162.423, '2020-06-15 15:30:08'),
(227, 101, 1023, '2020-06-15 15:30:34'),
(228, 103, 0.269701, '2020-06-15 15:30:34'),
(229, 107, -0.0299433, '2020-06-15 15:30:34'),
(230, 108, 0.281093, '2020-06-15 15:30:34'),
(231, 109, 162.431, '2020-06-15 15:30:35'),
(232, 101, 1023, '2020-06-15 15:33:03'),
(233, 103, 0.269703, '2020-06-15 15:33:03'),
(234, 107, 0.123821, '2020-06-15 15:33:03'),
(235, 108, 0.281061, '2020-06-15 15:33:03'),
(236, 109, 163.612, '2020-06-15 15:33:03'),
(237, 101, 1023, '2020-06-15 15:33:54'),
(238, 103, 0.269689, '2020-06-15 15:33:54'),
(239, 107, 0.0601249, '2020-06-15 15:33:54'),
(240, 108, 0.281081, '2020-06-15 15:33:54'),
(241, 109, 163.69, '2020-06-15 15:33:54'),
(242, 101, 1023, '2020-06-15 15:35:40'),
(243, 103, 0.2697, '2020-06-15 15:35:40'),
(244, 107, 0.117958, '2020-06-15 15:35:40'),
(245, 108, 0.281068, '2020-06-15 15:35:40'),
(246, 109, 163.805, '2020-06-15 15:35:41'),
(247, 101, 1023, '2020-06-15 15:36:14'),
(248, 103, 0.269689, '2020-06-15 15:36:14'),
(249, 107, 0.254775, '2020-06-15 15:36:14'),
(250, 108, 0.28105, '2020-06-15 15:36:15'),
(251, 109, 163.764, '2020-06-15 15:36:15'),
(252, 101, 1023, '2020-06-15 15:37:07'),
(253, 103, 0.269692, '2020-06-15 15:37:07'),
(254, 107, 0.242783, '2020-06-15 15:37:07'),
(255, 108, 0.281065, '2020-06-15 15:37:07'),
(256, 109, 163.796, '2020-06-15 15:37:07'),
(257, 101, 896, '2020-06-15 15:38:59'),
(258, 103, 0.269679, '2020-06-15 15:39:00'),
(259, 107, 0.251908, '2020-06-15 15:39:00'),
(260, 108, 0.281107, '2020-06-15 15:39:00'),
(261, 109, 7.84247, '2020-06-15 15:39:00'),
(262, 101, 670, '2020-06-15 15:40:22'),
(263, 103, 0.269631, '2020-06-15 15:40:23'),
(264, 107, 0.107191, '2020-06-15 15:40:23'),
(265, 108, 0.281115, '2020-06-15 15:40:23'),
(266, 109, 6.99198, '2020-06-15 15:40:23'),
(267, 101, 668, '2020-06-15 15:40:41'),
(268, 103, 0.26966, '2020-06-15 15:40:41'),
(269, 107, 0.258867, '2020-06-15 15:40:41'),
(270, 108, 0.281114, '2020-06-15 15:40:41'),
(271, 109, 7.4622, '2020-06-15 15:40:41'),
(272, 101, 569, '2020-06-15 15:40:56'),
(273, 103, 0.269665, '2020-06-15 15:40:57'),
(274, 107, 0.23629, '2020-06-15 15:40:57'),
(275, 108, 0.281112, '2020-06-15 15:40:57'),
(276, 109, 6.95109, '2020-06-15 15:40:57'),
(277, 101, 569, '2020-06-15 15:41:03'),
(278, 103, 0.269617, '2020-06-15 15:41:03'),
(279, 107, 0.116046, '2020-06-15 15:41:04'),
(280, 108, 0.281083, '2020-06-15 15:41:04'),
(281, 109, 6.91838, '2020-06-15 15:41:04'),
(282, 101, 1023, '2020-06-15 15:41:24'),
(283, 103, 0.269617, '2020-06-15 15:41:24'),
(284, 107, 0.152596, '2020-06-15 15:41:24'),
(285, 108, 0.280415, '2020-06-15 15:41:24'),
(286, 109, 7.02469, '2020-06-15 15:41:24'),
(287, 101, 1023, '2020-06-15 15:41:40'),
(288, 103, 0.269705, '2020-06-15 15:41:40'),
(289, 107, 0.130606, '2020-06-15 15:41:40'),
(290, 108, 0.281113, '2020-06-15 15:41:40'),
(291, 109, 5.87572, '2020-06-15 15:41:40'),
(292, 101, 691, '2020-06-15 15:42:29'),
(293, 103, 0.269677, '2020-06-15 15:42:29'),
(294, 107, 0.121858, '2020-06-15 15:42:29'),
(295, 108, 0.281105, '2020-06-15 15:42:29'),
(296, 109, 5.40141, '2020-06-15 15:42:29'),
(297, 101, 1023, '2020-06-15 15:42:36'),
(298, 103, 0.269716, '2020-06-15 15:42:36'),
(299, 107, 0.0516139, '2020-06-15 15:42:36'),
(300, 108, 0.145298, '2020-06-15 15:42:37'),
(301, 109, 5.34825, '2020-06-15 15:42:37'),
(302, 101, 1023, '2020-06-15 15:42:56'),
(303, 103, 0.269679, '2020-06-15 15:42:57'),
(304, 107, 0.26354, '2020-06-15 15:42:57'),
(305, 108, 0.281096, '2020-06-15 15:42:57'),
(306, 109, 5.43821, '2020-06-15 15:42:57'),
(307, 101, 1023, '2020-06-15 15:45:37'),
(308, 103, 0.269672, '2020-06-15 15:45:37'),
(309, 107, 0.168964, '2020-06-15 15:45:38'),
(310, 108, 0.280201, '2020-06-15 15:45:38'),
(311, 109, 163.387, '2020-06-15 15:45:38'),
(312, 101, 776, '2020-06-15 15:50:13'),
(313, 103, 0.26971, '2020-06-15 15:50:13'),
(314, 107, 0.251249, '2020-06-15 15:50:14'),
(315, 108, 0.281054, '2020-06-15 15:50:14'),
(316, 109, 4.91074, '2020-06-15 15:50:14'),
(317, 101, 1023, '2020-06-15 15:50:21'),
(318, 103, 0.269698, '2020-06-15 15:50:21'),
(319, 107, 0.241878, '2020-06-15 15:50:21'),
(320, 108, 0.28109, '2020-06-15 15:50:21'),
(321, 109, 4.93528, '2020-06-15 15:50:22'),
(322, 101, 1023, '2020-06-15 15:51:17'),
(323, 103, 0.269697, '2020-06-15 15:51:17'),
(324, 107, 0.261056, '2020-06-15 15:51:17'),
(325, 108, 0.281202, '2020-06-15 15:51:18'),
(326, 109, 4.77581, '2020-06-15 15:51:18'),
(327, 101, 759, '2020-06-15 15:52:13'),
(328, 103, 0.26966, '2020-06-15 15:52:13'),
(329, 107, 0.257846, '2020-06-15 15:52:13'),
(330, 108, 0.281091, '2020-06-15 15:52:13'),
(331, 109, 4.8535, '2020-06-15 15:52:13'),
(332, 101, 1023, '2020-06-15 15:52:19'),
(333, 103, 0.269731, '2020-06-15 15:52:20'),
(334, 107, 0.253033, '2020-06-15 15:52:20'),
(335, 108, 0.254889, '2020-06-15 15:52:20'),
(336, 109, 4.8535, '2020-06-15 15:52:20'),
(337, 101, 769, '2020-06-15 15:53:53'),
(338, 103, 0.269644, '2020-06-15 15:53:53'),
(339, 107, 0.221419, '2020-06-15 15:53:53'),
(340, 108, 0.281053, '2020-06-15 15:53:53'),
(341, 109, 4.44052, '2020-06-15 15:53:54'),
(342, 101, 1023, '2020-06-15 15:54:00'),
(343, 103, 0.269684, '2020-06-15 15:54:00'),
(344, 107, 0.258632, '2020-06-15 15:54:00'),
(345, 108, 0.281091, '2020-06-15 15:54:00'),
(346, 109, 4.43643, '2020-06-15 15:54:00'),
(347, 101, 1023, '2020-06-15 15:58:26'),
(348, 103, 0.269661, '2020-06-15 15:58:26'),
(349, 107, 0.0549846, '2020-06-15 15:58:26'),
(350, 108, 0.278962, '2020-06-15 15:58:26'),
(351, 109, 160.488, '2020-06-15 15:58:26'),
(352, 101, 1023, '2020-06-15 15:58:39'),
(353, 103, 0.269591, '2020-06-15 15:58:39'),
(354, 107, 0.122885, '2020-06-15 15:58:39'),
(355, 108, 0.281109, '2020-06-15 15:58:39'),
(356, 109, 173.855, '2020-06-15 15:58:40'),
(357, 101, 1023, '2020-06-15 16:01:34'),
(358, 103, 0.269657, '2020-06-15 16:01:34'),
(359, 107, 0.0726558, '2020-06-15 16:01:34'),
(360, 108, 0.281095, '2020-06-15 16:01:34'),
(361, 109, 160.762, '2020-06-15 16:01:34'),
(362, 101, 1023, '2020-06-15 16:01:45'),
(363, 103, 0.269653, '2020-06-15 16:01:45'),
(364, 107, 0.134503, '2020-06-15 16:01:45'),
(365, 108, 0.281083, '2020-06-15 16:01:45'),
(366, 109, 21.6956, '2020-06-15 16:01:45'),
(367, 101, 1023, '2020-06-16 09:56:54'),
(368, 103, 0.269839, '2020-06-16 09:56:55'),
(369, 107, -0.1654, '2020-06-16 09:56:55'),
(370, 108, 0.28108, '2020-06-16 09:56:55'),
(371, 109, 46.7318, '2020-06-16 09:56:55'),
(372, 101, 1023, '2020-06-16 09:58:24'),
(373, 103, 0.269824, '2020-06-16 09:58:24'),
(374, 107, -0.0116154, '2020-06-16 09:58:24'),
(375, 108, 0.281062, '2020-06-16 09:58:24'),
(376, 109, 5.0743, '2020-06-16 09:58:24'),
(377, 101, 1023, '2020-06-16 09:58:41'),
(378, 103, 0.269837, '2020-06-16 09:58:41'),
(379, 107, 0.175056, '2020-06-16 09:58:41'),
(380, 108, 0.281056, '2020-06-16 09:58:41'),
(381, 109, 5.79394, '2020-06-16 09:58:42'),
(382, 101, 1023, '2020-06-16 10:10:28'),
(383, 103, 0.269767, '2020-06-16 10:10:29'),
(384, 107, 0.127729, '2020-06-16 10:10:29'),
(385, 108, 0.281101, '2020-06-16 10:10:29'),
(386, 109, 5.48319, '2020-06-16 10:10:29'),
(387, 101, 979, '2020-06-16 10:30:21'),
(388, 103, 0.269816, '2020-06-16 10:30:21'),
(389, 107, 0.0463267, '2020-06-16 10:30:21'),
(390, 108, 0.281086, '2020-06-16 10:30:21'),
(391, 109, 1015.71, '2020-06-16 10:30:21'),
(392, 101, 986, '2020-06-16 10:30:37'),
(393, 103, 0.269806, '2020-06-16 10:30:37'),
(394, 107, -0.127072, '2020-06-16 10:30:37'),
(395, 108, 0.281088, '2020-06-16 10:30:37'),
(396, 109, 5.98612, '2020-06-16 10:30:37'),
(397, 101, 987, '2020-06-16 10:30:51'),
(398, 103, 0.269826, '2020-06-16 10:30:51'),
(399, 107, -0.0822989, '2020-06-16 10:30:51'),
(400, 108, 0.281083, '2020-06-16 10:30:51'),
(401, 109, 7.27412, '2020-06-16 10:30:51'),
(402, 101, 987, '2020-06-16 10:31:02'),
(403, 103, 0.26983, '2020-06-16 10:31:02'),
(404, 107, 0.0140873, '2020-06-16 10:31:02'),
(405, 108, 0.281075, '2020-06-16 10:31:02'),
(406, 109, 6.73847, '2020-06-16 10:31:02'),
(407, 101, 988, '2020-06-16 10:31:51'),
(408, 103, 0.269815, '2020-06-16 10:31:52'),
(409, 107, -0.0963016, '2020-06-16 10:31:52'),
(410, 108, 0.281109, '2020-06-16 10:31:52'),
(411, 109, 8.00194, '2020-06-16 10:31:52'),
(412, 101, 985, '2020-06-16 10:33:41'),
(413, 103, 0.269794, '2020-06-16 10:33:41'),
(414, 107, 0.047071, '2020-06-16 10:33:41'),
(415, 108, 0.281114, '2020-06-16 10:33:41'),
(416, 109, 6.91838, '2020-06-16 10:33:41'),
(417, 101, 981, '2020-06-16 10:43:00'),
(418, 103, 0.26975, '2020-06-16 10:43:00'),
(419, 107, 0.0168973, '2020-06-16 10:43:00'),
(420, 108, 0.281138, '2020-06-16 10:43:00'),
(421, 109, 7.04923, '2020-06-16 10:43:00'),
(422, 101, 981, '2020-06-16 10:44:09'),
(423, 103, 0.269753, '2020-06-16 10:44:09'),
(424, 107, -0.22915, '2020-06-16 10:44:09'),
(425, 108, 0.281126, '2020-06-16 10:44:10'),
(426, 109, 6.59536, '2020-06-16 10:44:10'),
(427, 101, 981, '2020-06-16 10:44:16'),
(428, 103, 0.269692, '2020-06-16 10:44:16'),
(429, 107, -0.21857, '2020-06-16 10:44:16'),
(430, 108, 0.281131, '2020-06-16 10:44:16'),
(431, 109, 6.64852, '2020-06-16 10:44:16'),
(432, 101, 981, '2020-06-16 10:44:22'),
(433, 103, 0.269757, '2020-06-16 10:44:23'),
(434, 107, -0.131097, '2020-06-16 10:44:23'),
(435, 108, 0.281117, '2020-06-16 10:44:23'),
(436, 109, 6.62398, '2020-06-16 10:44:23'),
(437, 101, 981, '2020-06-16 10:44:37'),
(438, 103, 0.269757, '2020-06-16 10:44:37'),
(439, 107, 0.240958, '2020-06-16 10:44:37'),
(440, 108, 0.281121, '2020-06-16 10:44:37'),
(441, 109, 7.06558, '2020-06-16 10:44:37'),
(442, 101, 978, '2020-06-16 10:49:16'),
(443, 103, 0.269745, '2020-06-16 10:49:16'),
(444, 107, 0.237477, '2020-06-16 10:49:16'),
(445, 108, 0.281118, '2020-06-16 10:49:16'),
(446, 109, 11.1831, '2020-06-16 10:49:16'),
(447, 101, 983, '2020-06-16 10:51:18'),
(448, 103, 0.269723, '2020-06-16 10:51:18'),
(449, 107, 0.248694, '2020-06-16 10:51:19'),
(450, 108, 0.281148, '2020-06-16 10:51:19'),
(451, 109, 9.93598, '2020-06-16 10:51:19'),
(452, 101, 983, '2020-06-16 10:51:50'),
(453, 103, 0.26968, '2020-06-16 10:51:50'),
(454, 107, 0.0618257, '2020-06-16 10:51:50'),
(455, 108, 0.281161, '2020-06-16 10:51:50'),
(456, 109, 9.25722, '2020-06-16 10:51:50'),
(457, 101, 984, '2020-06-16 10:52:01'),
(458, 103, 0.269718, '2020-06-16 10:52:01'),
(459, 107, 0.237184, '2020-06-16 10:52:01'),
(460, 108, 0.281158, '2020-06-16 10:52:01'),
(461, 109, 8.86469, '2020-06-16 10:52:01'),
(462, 101, 982, '2020-06-16 10:52:32'),
(463, 103, 0.269728, '2020-06-16 10:52:33'),
(464, 107, 0.25496, '2020-06-16 10:52:33'),
(465, 108, 0.28116, '2020-06-16 10:52:33'),
(466, 109, 10.3939, '2020-06-16 10:52:33');

-- --------------------------------------------------------

--
-- Tabelstructuur voor tabel `PlayerInfo`
--

DROP TABLE IF EXISTS `PlayerInfo`;
CREATE TABLE IF NOT EXISTS `PlayerInfo` (
  `ID` int(11) NOT NULL AUTO_INCREMENT,
  `MinimumAge` int(11) NOT NULL DEFAULT 7,
  `MinimumPlayers` int(11) NOT NULL DEFAULT 2,
  `MaximumPlayers` int(11) DEFAULT NULL,
  PRIMARY KEY (`ID`)
) ENGINE=InnoDB AUTO_INCREMENT=57 DEFAULT CHARSET=utf8;

--
-- Gegevens worden geëxporteerd voor tabel `PlayerInfo`
--

INSERT INTO `PlayerInfo` (`ID`, `MinimumAge`, `MinimumPlayers`, `MaximumPlayers`) VALUES
(1, 15, 7, 14),
(2, 11, 19, 20),
(3, 12, 13, 12),
(4, 18, 3, 9),
(5, 17, 9, 6),
(6, 11, 18, 11),
(7, 18, 15, 13),
(8, 11, 4, 10),
(9, 13, 17, 6),
(10, 9, 16, 14),
(11, 13, 12, 6),
(12, 17, 5, 16),
(13, 13, 5, 6),
(14, 15, 17, 20),
(15, 8, 13, 13),
(16, 17, 16, 13),
(17, 17, 10, 17),
(18, 9, 19, 20),
(19, 17, 17, 6),
(20, 18, 6, 6),
(21, 13, 3, 16),
(22, 18, 18, 12),
(23, 8, 15, 16),
(24, 8, 14, 9),
(25, 12, 11, 11),
(26, 8, 19, 6),
(27, 13, 18, 19),
(28, 18, 10, 19),
(29, 16, 14, 4),
(30, 11, 11, 13),
(31, 7, 7, 15),
(32, 13, 7, 20),
(33, 16, 8, 16),
(34, 12, 8, 20),
(35, 17, 16, 18),
(36, 18, 2, 17),
(37, 17, 11, 19),
(38, 18, 4, 4),
(39, 14, 14, 18),
(40, 18, 6, 18),
(41, 15, 15, 15),
(42, 10, 14, 5),
(43, 12, 14, 10),
(44, 7, 11, 8),
(45, 10, 7, 6),
(46, 11, 11, 18),
(47, 8, 5, 13),
(48, 9, 17, 8),
(49, 13, 3, 10),
(50, 17, 9, 14),
(51, 7, 2, 10),
(52, 10, 4, 14),
(53, 100, 100, 150),
(54, 10, 3, 10),
(55, 12, 2, 6),
(56, 18, 2, 10);

-- --------------------------------------------------------

--
-- Tabelstructuur voor tabel `Rulesets`
--

DROP TABLE IF EXISTS `Rulesets`;
CREATE TABLE IF NOT EXISTS `Rulesets` (
  `ID` int(11) NOT NULL AUTO_INCREMENT,
  `PlayerInfoID` int(11) NOT NULL,
  `CardsPerPlayer` int(11) NOT NULL DEFAULT 2,
  `KeepRemainingCards` tinyint(4) NOT NULL DEFAULT 0,
  PRIMARY KEY (`ID`),
  KEY `fk_Ruleset_PlayerInfo1_idx` (`PlayerInfoID`)
) ENGINE=InnoDB AUTO_INCREMENT=107 DEFAULT CHARSET=utf8;

--
-- Gegevens worden geëxporteerd voor tabel `Rulesets`
--

INSERT INTO `Rulesets` (`ID`, `PlayerInfoID`, `CardsPerPlayer`, `KeepRemainingCards`) VALUES
(1, 26, 3, 0),
(2, 8, 11, 0),
(3, 29, 14, 0),
(4, 4, 11, 0),
(5, 48, 6, 0),
(6, 17, 9, 0),
(7, 18, 11, 0),
(8, 21, 7, 0),
(9, 36, 13, 0),
(10, 13, 5, 0),
(11, 19, 3, 0),
(12, 29, 11, 0),
(13, 17, 5, 0),
(14, 5, 6, 0),
(15, 17, 5, 0),
(16, 2, 10, 0),
(17, 31, 8, 0),
(18, 26, 11, 0),
(19, 34, 6, 0),
(20, 39, 7, 0),
(21, 42, 7, 0),
(22, 28, 6, 0),
(23, 3, 11, 0),
(24, 49, 13, 0),
(25, 33, 2, 0),
(26, 45, 2, 0),
(27, 20, 2, 0),
(28, 26, 12, 0),
(29, 47, 11, 0),
(30, 25, 14, 0),
(31, 25, 2, 0),
(32, 24, 13, 0),
(33, 20, 7, 0),
(34, 4, 11, 0),
(35, 44, 13, 0),
(36, 33, 7, 0),
(37, 8, 14, 0),
(38, 50, 8, 0),
(39, 17, 10, 0),
(40, 33, 3, 0),
(41, 1, 13, 0),
(42, 34, 9, 0),
(43, 26, 2, 0),
(44, 36, 10, 0),
(45, 45, 11, 0),
(46, 29, 5, 0),
(47, 2, 8, 0),
(48, 38, 9, 0),
(49, 28, 13, 0),
(50, 6, 13, 0),
(51, 32, 3, 0),
(52, 1, 11, 0),
(53, 26, 6, 0),
(54, 29, 4, 0),
(55, 21, 4, 0),
(56, 37, 6, 0),
(57, 7, 14, 0),
(58, 47, 12, 0),
(59, 13, 4, 0),
(60, 10, 12, 0),
(61, 50, 8, 0),
(62, 16, 12, 0),
(63, 45, 10, 0),
(64, 8, 14, 0),
(65, 32, 13, 0),
(66, 25, 8, 0),
(67, 13, 5, 0),
(68, 14, 3, 0),
(69, 16, 12, 0),
(70, 9, 7, 0),
(71, 2, 13, 0),
(72, 27, 11, 0),
(73, 23, 5, 0),
(74, 7, 10, 0),
(75, 21, 7, 0),
(76, 7, 7, 0),
(77, 14, 9, 0),
(78, 6, 6, 0),
(79, 48, 10, 0),
(80, 11, 6, 0),
(81, 37, 10, 0),
(82, 21, 4, 0),
(83, 16, 11, 0),
(84, 27, 9, 0),
(85, 23, 12, 0),
(86, 37, 12, 0),
(87, 28, 4, 0),
(88, 32, 8, 0),
(89, 49, 7, 0),
(90, 24, 14, 0),
(91, 45, 4, 0),
(92, 47, 7, 0),
(93, 35, 3, 0),
(94, 25, 12, 0),
(95, 5, 13, 0),
(96, 34, 10, 0),
(97, 37, 13, 0),
(98, 23, 3, 0),
(99, 40, 3, 0),
(100, 10, 8, 0),
(101, 51, 7, 0),
(102, 52, 7, 0),
(103, 53, 7, 0),
(104, 54, 17, 0),
(105, 55, 8, 0),
(106, 56, 2, 0);

-- --------------------------------------------------------

--
-- Tabelstructuur voor tabel `Sensors`
--

DROP TABLE IF EXISTS `Sensors`;
CREATE TABLE IF NOT EXISTS `Sensors` (
  `ID` int(11) NOT NULL AUTO_INCREMENT,
  `Name` varchar(45) NOT NULL,
  `Type` varchar(45) DEFAULT NULL,
  `Unit` varchar(45) NOT NULL,
  `Description` varchar(245) DEFAULT NULL,
  PRIMARY KEY (`ID`),
  UNIQUE KEY `Name_UNIQUE` (`Name`),
  KEY `Index_Name` (`Name`)
) ENGINE=InnoDB AUTO_INCREMENT=110 DEFAULT CHARSET=utf8;

--
-- Gegevens worden geëxporteerd voor tabel `Sensors`
--

INSERT INTO `Sensors` (`ID`, `Name`, `Type`, `Unit`, `Description`) VALUES
(101, 'LDR', 'Light depended Resistor', 'Ohm', 'Resistance rises when light intensity decreases. Resistance decreases when light intensity increases.'),
(103, 'GyroscopeX', 'MEMS-gyroscope', '°/s', 'Measure change in orientation. Can measure orientation in 3 dimensions. This is the X axis part.'),
(107, 'GyroscopeY', 'MEMS-gyroscope', '°/s', 'Measure change in orientation. Can measure orientation in 3 dimensions. This is the Y axis part.'),
(108, 'GyroscopeZ', 'MEMS-gyroscope', '°/s', 'Measure change in orientation. Can measure orientation in 3 dimensions. This is the Z axis part.'),
(109, 'Ultrasonic sensor', 'HC-SR05 ultrasonic sensor(Velleman VMA 306)', 'cm', 'Measure distance to an object by using sound to calculate how far an object is.');

--
-- Beperkingen voor geëxporteerde tabellen
--

--
-- Beperkingen voor tabel `Games`
--
ALTER TABLE `Games`
  ADD CONSTRAINT `fk_Games_Ruleset1` FOREIGN KEY (`RuleSetID`) REFERENCES `Rulesets` (`ID`) ON DELETE NO ACTION ON UPDATE NO ACTION;

--
-- Beperkingen voor tabel `History`
--
ALTER TABLE `History`
  ADD CONSTRAINT `fk_History_Sensors` FOREIGN KEY (`SensorID`) REFERENCES `Sensors` (`ID`) ON DELETE NO ACTION ON UPDATE NO ACTION;

--
-- Beperkingen voor tabel `Rulesets`
--
ALTER TABLE `Rulesets`
  ADD CONSTRAINT `fk_Ruleset_PlayerInfo1` FOREIGN KEY (`PlayerInfoID`) REFERENCES `PlayerInfo` (`ID`) ON DELETE NO ACTION ON UPDATE NO ACTION;

/*!40101 SET CHARACTER_SET_CLIENT=@OLD_CHARACTER_SET_CLIENT */;
/*!40101 SET CHARACTER_SET_RESULTS=@OLD_CHARACTER_SET_RESULTS */;
/*!40101 SET COLLATION_CONNECTION=@OLD_COLLATION_CONNECTION */;
